id;uuid;name;mcc;category_id;enabled;icon_url;default_order_id;added_date;updated_date;regions;tags;process_id;source;action_type;category_id
1;9c07b728-587f-4532-8555-5bf7e174c4b4;Salad magenta Industrial;soli;b7ccb7ac-786f-4904-8381-b6e9b27b8aa7;true;transition;20612;2021-03-23T20:29:15;2021-03-23T12:11:24;Multi-channelled;Fully-configurable transmitting;infomediaries;Specialist Bypass;BILLPAY;1
2;a214d344-43e7-402b-bda3-8a104575dc3d;Bacon Optional Orchestrator;unle;f34636ed-bd1e-4b25-a9d0-18445bc6b31f;true;Intelligent definition;28411;2021-03-23T00:29:38;2021-03-23T16:12:16;overriding;Avon;Quality generating Handmade Soft Fish;Engineer;BILLPAY;2
3;8c84a7ff-7273-4cf6-b4ab-0881d88d2994;Organized;Cany;90c5e80a-dd5d-44d3-8752-9ef5aed871c1;false;SSL Customer;22539;2021-03-23T10:10:48;2021-03-23T05:12:00;virtual;Automotive;invoice Sausages niches;Wooden system-worthy;BILLPAY;3
4;e70ae95b-6c18-4184-bb6d-f64f943c36cb;fuchsia zero administration;SAS ;83a376e4-8bf5-4a13-ade0-1a76ad031b1d;false;Automated hard drive Buckinghamshire;81704;2021-03-23T00:53:19;2021-03-23T11:41:09;Graphical User Interface Personal Loan Account Optimized;overriding Iowa;Generic Concrete Soap;Handcrafted Wooden Hat attitude-oriented Crossroad;BILLPAY;4
5;5ea2f67a-43ac-4ef1-b801-c4af37a043a0;withdrawal;azur;c48378b2-97b3-428c-b38c-68139d7a4330;true;Meadows Response Configurable;62532;2021-03-22T23:37:05;2021-03-23T03:32:14;Borders;convergence;systems Rwanda Franc;Handcrafted Concrete Table Cambridgeshire Buckinghamshire;BILLPAY;5
6;01befa57-f94f-4f8d-9f5c-5e0f2123a3ef;sky blue Producer;Dela;872e4663-36ab-4a3d-b342-fd867d5845d2;false;Hawaii;79699;2021-03-23T16:05:23;2021-03-23T18:57:34;panel Buckinghamshire;Square;blue functionalities hacking;Drives;BILLPAY;6
7;e7f63694-d85d-4e84-8267-847d0310f32d;interface;Shoe;7ec3d856-1b9d-4089-8c3e-fb2a7469f4df;true;Tuna algorithm;92841;2021-03-23T00:49:06;2021-03-23T10:58:04;Bike microchip adapter;Soap distributed bandwidth;Locks;Guyana Dollar customized Awesome Cotton Chicken;BILLPAY;7
8;961e813d-3a7f-4a58-ab02-f0f77d2c4205;backing up;Divi;1aeca1b7-d599-4e08-a27b-49d8d1e6b11b;true;tan index;1493;2021-03-23T09:17:41;2021-03-23T15:27:50;vortals;Orchestrator optimize Harbor;Kazakhstan navigating Handmade Concrete Sausages;Taka;BILLPAY;8
9;6e2d0911-4089-408f-b168-06c694791e9b;1080p programming solid state;part;a7ace815-d541-4f56-abee-4eab4b0a6546;false;azure Granite;83099;2021-03-22T22:05:19;2021-03-23T07:42:03;Rustic Summit;Fish;Fresh interface Agent;Sierra Leone;BILLPAY;9
10;ed6534cd-1ecb-46cc-8f0e-28ad8ed1b07b;Intelligent Wooden Chips analyzer;Busi;3ba21d21-9dd6-4e21-b47b-967c03b22713;false;Investor;12386;2021-03-22T23:10:17;2021-03-23T14:32:11;Keyboard Licensed;bypass parallelism;Soft;lime Executive;BILLPAY;10
